[
  {
    "value": "CCNLP",
    "synonyms": [
      "CCNLP",
      "nlp",
      "cognitive computing"
    ]
  },
  {
    "value": "BDA",
    "synonyms": [
      "BDA",
      "big data",
      "big data analytics"
    ]
  },
  {
    "value": "IMLA",
    "synonyms": [
      "IMLA",
      "machine learning"
    ]
  },
  {
    "value": "BI",
    "synonyms": [
      "BI",
      "Business Intelligence"
    ]
  },
  {
    "value": "TM",
    "synonyms": [
      "TM",
      "Turbo machines",
      "turbo mac"
    ]
  }
]