[
  {
    "id": "ed3ec482-dd69-40b3-be82-1216a1670487",
    "data": [
      {
        "text": "my subjects",
        "userDefined": false
      }
    ],
    "isTemplate": false,
    "count": 0,
    "lang": "en",
    "updated": 0
  },
  {
    "id": "b8baedcd-53f1-494d-9a73-4331ec03e27a",
    "data": [
      {
        "text": "subjects this trimester",
        "userDefined": false
      }
    ],
    "isTemplate": false,
    "count": 0,
    "lang": "en",
    "updated": 0
  },
  {
    "id": "4bb5b89e-a53f-46eb-ad49-cb7fbb2f5fc4",
    "data": [
      {
        "text": "which subjects do I have?",
        "meta": "@sys.ignore",
        "userDefined": true
      }
    ],
    "isTemplate": false,
    "count": 0,
    "lang": "en",
    "updated": 0
  },
  {
    "id": "c1148811-b8d2-49e3-8125-99dbc5e00380",
    "data": [
      {
        "text": "need subject details",
        "userDefined": false
      }
    ],
    "isTemplate": false,
    "count": 0,
    "lang": "en",
    "updated": 0
  }
]