[
  {
    "id": "c9a63086-98bd-4011-aec3-c7c5814eecba",
    "data": [
      {
        "text": "cse",
        "meta": "@branch",
        "alias": "branch",
        "userDefined": false
      },
      {
        "text": " ",
        "userDefined": false
      },
      {
        "text": "trimester11",
        "meta": "@trimester",
        "alias": "trimester",
        "userDefined": false
      }
    ],
    "isTemplate": false,
    "count": 0,
    "lang": "en",
    "updated": 0
  },
  {
    "id": "ee0ff411-5037-43b5-9f5d-0642c4070f0a",
    "data": [
      {
        "text": "comp sci",
        "meta": "@branch",
        "alias": "branch",
        "userDefined": true
      },
      {
        "text": " ",
        "userDefined": false
      },
      {
        "text": "t11",
        "meta": "@trimester",
        "alias": "trimester",
        "userDefined": false
      }
    ],
    "isTemplate": false,
    "count": 0,
    "lang": "en",
    "updated": 0
  },
  {
    "id": "2cb85fc2-da95-4502-af8f-f78f71d06d35",
    "data": [
      {
        "text": "subjects for ",
        "userDefined": false
      },
      {
        "text": "comp",
        "meta": "@branch",
        "alias": "branch",
        "userDefined": false
      },
      {
        "text": " sci in ",
        "userDefined": false
      },
      {
        "text": "T11",
        "meta": "@trimester",
        "alias": "trimester",
        "userDefined": false
      }
    ],
    "isTemplate": false,
    "count": 0,
    "lang": "en",
    "updated": 0
  },
  {
    "id": "0b172ceb-2561-4785-a80f-003d484c9618",
    "data": [
      {
        "text": "comp",
        "meta": "@branch",
        "alias": "branch",
        "userDefined": false
      },
      {
        "text": " in ",
        "userDefined": false
      },
      {
        "text": "T11",
        "meta": "@trimester",
        "alias": "trimester",
        "userDefined": false
      }
    ],
    "isTemplate": false,
    "count": 0,
    "lang": "en",
    "updated": 0
  },
  {
    "id": "ffebfa51-5b39-456f-ae87-db91092d7fa3",
    "data": [
      {
        "text": "T11",
        "meta": "@trimester",
        "alias": "trimester",
        "userDefined": false
      },
      {
        "text": " ",
        "userDefined": false
      },
      {
        "text": "cs",
        "meta": "@branch",
        "alias": "branch",
        "userDefined": false
      },
      {
        "text": " subjects",
        "userDefined": false
      }
    ],
    "isTemplate": false,
    "count": 0,
    "lang": "en",
    "updated": 0
  },
  {
    "id": "94c4946b-25fa-4bb8-a82e-297881d21d74",
    "data": [
      {
        "text": "what subjects I\u0027ll have in ",
        "userDefined": false
      },
      {
        "text": "T11",
        "meta": "@trimester",
        "alias": "trimester",
        "userDefined": false
      },
      {
        "text": " for ",
        "userDefined": false
      },
      {
        "text": "cse",
        "meta": "@branch",
        "alias": "branch",
        "userDefined": false
      }
    ],
    "isTemplate": false,
    "count": 0,
    "lang": "en",
    "updated": 0
  }
]