[
  {
    "id": "3e1d5d0d-8cdf-4151-b094-f28dfccfc853",
    "data": [
      {
        "text": "TM",
        "meta": "@subject",
        "alias": "subject",
        "userDefined": true
      }
    ],
    "isTemplate": false,
    "count": 0,
    "lang": "en",
    "updated": 0
  },
  {
    "id": "fdb55dad-7e7d-4fc1-9ac1-85fea5f5c56d",
    "data": [
      {
        "text": "cca and lca for ",
        "userDefined": false
      },
      {
        "text": "turbo mac",
        "meta": "@subject",
        "alias": "subject",
        "userDefined": true
      }
    ],
    "isTemplate": false,
    "count": 0,
    "lang": "en",
    "updated": 0
  },
  {
    "id": "80d22fda-49a2-4c4b-b027-51843207c7c9",
    "data": [
      {
        "text": "turbo mac",
        "meta": "@subject",
        "alias": "subject",
        "userDefined": true
      }
    ],
    "isTemplate": false,
    "count": 0,
    "lang": "en",
    "updated": 0
  },
  {
    "id": "c7e49b24-8505-44b9-b126-4a0688be6fe0",
    "data": [
      {
        "text": "subject ",
        "userDefined": false
      },
      {
        "text": "turbo mac",
        "meta": "@subject",
        "alias": "subject",
        "userDefined": true
      },
      {
        "text": " evaluation",
        "userDefined": false
      }
    ],
    "isTemplate": false,
    "count": 0,
    "lang": "en",
    "updated": 0
  },
  {
    "id": "b8e76655-8053-4d94-a827-64f2c65ceecc",
    "data": [
      {
        "text": "turbo machines",
        "meta": "@subject",
        "alias": "subject",
        "userDefined": true
      }
    ],
    "isTemplate": false,
    "count": 0,
    "lang": "en",
    "updated": 0
  }
]