[
  {
    "id": "8509a079-bca7-49b2-9e67-d304b1f89195",
    "data": [
      {
        "text": "marks breakdown ",
        "userDefined": false
      },
      {
        "text": "bda",
        "meta": "@subject",
        "alias": "subject",
        "userDefined": false
      }
    ],
    "isTemplate": false,
    "count": 0,
    "lang": "en",
    "updated": 0
  },
  {
    "id": "22b19e65-c971-4287-9f8c-968abe8cafe5",
    "data": [
      {
        "text": "evaluation",
        "userDefined": false
      }
    ],
    "isTemplate": false,
    "count": 0,
    "lang": "en",
    "updated": 0
  },
  {
    "id": "14303746-1733-408e-90a0-6cf4e1c4cad9",
    "data": [
      {
        "text": "assessment criteria for ",
        "userDefined": false
      },
      {
        "text": "bda",
        "meta": "@subject",
        "alias": "subject",
        "userDefined": false
      }
    ],
    "isTemplate": false,
    "count": 0,
    "lang": "en",
    "updated": 0
  },
  {
    "id": "43666a1b-8122-40bc-9e73-3312d70d995d",
    "data": [
      {
        "text": "give me the entire syll for ",
        "userDefined": false
      },
      {
        "text": "bda",
        "meta": "@subject",
        "alias": "subject",
        "userDefined": false
      }
    ],
    "isTemplate": false,
    "count": 0,
    "lang": "en",
    "updated": 0
  },
  {
    "id": "cd521b80-bbcb-4b01-8197-7c558c17e6ee",
    "data": [
      {
        "text": "syllabus for ",
        "userDefined": false
      },
      {
        "text": "bda",
        "meta": "@subject",
        "alias": "subject",
        "userDefined": false
      }
    ],
    "isTemplate": false,
    "count": 0,
    "lang": "en",
    "updated": 0
  },
  {
    "id": "e62ed1ab-2d8a-448b-921f-f4cc2cbdce1e",
    "data": [
      {
        "text": "evaluation scheme ",
        "userDefined": false
      },
      {
        "text": "bda",
        "meta": "@subject",
        "alias": "subject",
        "userDefined": false
      }
    ],
    "isTemplate": false,
    "count": 0,
    "lang": "en",
    "updated": 0
  },
  {
    "id": "2827e8b7-dac7-4073-8120-3af4ef7b92d2",
    "data": [
      {
        "text": "entire ",
        "userDefined": false
      },
      {
        "text": "bda",
        "meta": "@subject",
        "alias": "subject",
        "userDefined": false
      }
    ],
    "isTemplate": false,
    "count": 0,
    "lang": "en",
    "updated": 0
  },
  {
    "id": "381deba8-0c6c-4f39-98d8-fef7dbbfe366",
    "data": [
      {
        "text": "BDA",
        "meta": "@subject",
        "alias": "subject",
        "userDefined": false
      }
    ],
    "isTemplate": false,
    "count": 0,
    "lang": "en",
    "updated": 0
  },
  {
    "id": "86cd9fac-ed8f-402b-9255-c76079bbeaaf",
    "data": [
      {
        "text": "Course pattern for ",
        "userDefined": false
      },
      {
        "text": "BDA",
        "meta": "@subject",
        "alias": "subject",
        "userDefined": true
      }
    ],
    "isTemplate": false,
    "count": 0,
    "lang": "en",
    "updated": 0
  }
]