[
  {
    "id": "90348878-ac8b-4e47-b71d-6f5fea0b196b",
    "data": [
      {
        "text": "mark distribution for ",
        "userDefined": false
      },
      {
        "text": "CCNLP",
        "meta": "@subject",
        "alias": "subject",
        "userDefined": false
      }
    ],
    "isTemplate": false,
    "count": 1,
    "lang": "en",
    "updated": 0
  },
  {
    "id": "20ba65d0-1eef-4682-b62a-404335d17e69",
    "data": [
      {
        "text": "Course Pattern ",
        "userDefined": false
      },
      {
        "text": "ccnlp",
        "meta": "@subject",
        "alias": "subject",
        "userDefined": false
      }
    ],
    "isTemplate": false,
    "count": 0,
    "lang": "en",
    "updated": 0
  },
  {
    "id": "3f37a0cd-495b-458b-ace1-c8be13699d2a",
    "data": [
      {
        "text": "CCNLP",
        "meta": "@subject",
        "alias": "subject",
        "userDefined": false
      }
    ],
    "isTemplate": false,
    "count": 0,
    "lang": "en",
    "updated": 0
  }
]