[
  {
    "id": "4da4739b-78c5-477d-a431-96e0faae7b9a",
    "data": [
      {
        "text": "CCA ",
        "userDefined": false
      },
      {
        "text": "bda",
        "meta": "@subject",
        "alias": "subject",
        "userDefined": true
      }
    ],
    "isTemplate": false,
    "count": 0,
    "lang": "en",
    "updated": 0
  },
  {
    "id": "efc4fffc-8adc-40db-bb00-7090afe15eb9",
    "data": [
      {
        "text": "class work for ",
        "userDefined": false
      },
      {
        "text": "bda",
        "meta": "@subject",
        "alias": "subject",
        "userDefined": false
      }
    ],
    "isTemplate": false,
    "count": 0,
    "lang": "en",
    "updated": 0
  },
  {
    "id": "40033b8b-1253-4c1b-99d7-5990183f6871",
    "data": [
      {
        "text": "cca distribution for ",
        "userDefined": false
      },
      {
        "text": "bda",
        "meta": "@subject",
        "alias": "subject",
        "userDefined": false
      }
    ],
    "isTemplate": false,
    "count": 1,
    "lang": "en",
    "updated": 0
  },
  {
    "id": "856876b4-beed-4a06-91e9-b8fe23ea4b5c",
    "data": [
      {
        "text": "Class continuous assessment for ",
        "userDefined": false
      },
      {
        "text": "bda",
        "meta": "@subject",
        "alias": "subject",
        "userDefined": false
      }
    ],
    "isTemplate": false,
    "count": 0,
    "lang": "en",
    "updated": 0
  }
]