[
  {
    "id": "71f100be-0ee1-4c59-ad54-a148fd04833f",
    "data": [
      {
        "text": "cca for subject",
        "userDefined": false
      }
    ],
    "isTemplate": false,
    "count": 0,
    "lang": "en",
    "updated": 0
  },
  {
    "id": "e45bb072-d1de-4e22-95b2-b1720df3fcb1",
    "data": [
      {
        "text": "Class continuous assessment for ",
        "userDefined": false
      },
      {
        "text": "TM",
        "meta": "@subject",
        "alias": "subject",
        "userDefined": false
      }
    ],
    "isTemplate": false,
    "count": 0,
    "lang": "en",
    "updated": 0
  },
  {
    "id": "ae596fe4-5b90-488b-ba86-d18c8bd73027",
    "data": [
      {
        "text": "cca distribution for ",
        "userDefined": false
      },
      {
        "text": "TM",
        "meta": "@subject",
        "alias": "subject",
        "userDefined": true
      }
    ],
    "isTemplate": false,
    "count": 0,
    "lang": "en",
    "updated": 0
  },
  {
    "id": "9421cfc6-532d-4dbf-a0e4-4e98c124b77c",
    "data": [
      {
        "text": "class work for ",
        "userDefined": false
      },
      {
        "text": "TM",
        "meta": "@subject",
        "alias": "subject",
        "userDefined": true
      }
    ],
    "isTemplate": false,
    "count": 0,
    "lang": "en",
    "updated": 0
  },
  {
    "id": "4b54e921-7767-4335-a818-db3e7816d5e3",
    "data": [
      {
        "text": "CCA ",
        "userDefined": false
      },
      {
        "text": "TM",
        "meta": "@subject",
        "alias": "subject",
        "userDefined": false
      }
    ],
    "isTemplate": false,
    "count": 0,
    "lang": "en",
    "updated": 0
  }
]