[
  {
    "id": "87761e28-ed1f-41bf-a2d6-6f5b0c1c9301",
    "data": [
      {
        "text": "Class continuous assessment for ",
        "userDefined": false
      },
      {
        "text": "ccnlp",
        "meta": "@subject",
        "alias": "subject",
        "userDefined": true
      }
    ],
    "isTemplate": false,
    "count": 0,
    "lang": "en",
    "updated": 0
  },
  {
    "id": "f1b54437-6284-41eb-9039-a5fff17d3bfd",
    "data": [
      {
        "text": "cca",
        "userDefined": false
      }
    ],
    "isTemplate": false,
    "count": 0,
    "lang": "en",
    "updated": 0
  },
  {
    "id": "b62c633d-2adf-4a94-9605-9b334572000b",
    "data": [
      {
        "text": "CCA ",
        "userDefined": false
      },
      {
        "text": "ccnlp",
        "meta": "@subject",
        "alias": "subject",
        "userDefined": false
      }
    ],
    "isTemplate": false,
    "count": 0,
    "lang": "en",
    "updated": 0
  }
]