[
  {
    "id": "e9275be3-1911-42ff-b0d0-688ac6dd2216",
    "data": [
      {
        "text": "lca ",
        "userDefined": false
      },
      {
        "text": "turbo machines",
        "meta": "@subject",
        "alias": "subject",
        "userDefined": false
      }
    ],
    "isTemplate": false,
    "count": 0,
    "lang": "en",
    "updated": 0
  },
  {
    "id": "c699a302-e824-4f54-a04a-598df08304d0",
    "data": [
      {
        "text": "turbo mac",
        "meta": "@subject",
        "alias": "subject",
        "userDefined": true
      },
      {
        "text": " labwork",
        "userDefined": false
      }
    ],
    "isTemplate": false,
    "count": 0,
    "lang": "en",
    "updated": 0
  },
  {
    "id": "4b19c80a-7d13-4bcb-9531-02e018e30e4b",
    "data": [
      {
        "text": "TM",
        "meta": "@subject",
        "alias": "subject",
        "userDefined": false
      },
      {
        "text": " LCA",
        "userDefined": false
      }
    ],
    "isTemplate": false,
    "count": 0,
    "lang": "en",
    "updated": 0
  },
  {
    "id": "d1739cb9-07a2-4cc9-8ee0-01955912f627",
    "data": [
      {
        "text": "Tm",
        "meta": "@subject",
        "alias": "subject",
        "userDefined": false
      },
      {
        "text": " lab",
        "userDefined": false
      }
    ],
    "isTemplate": false,
    "count": 0,
    "lang": "en",
    "updated": 0
  },
  {
    "id": "3cd0cb28-02d9-4029-959a-2ba681f52d81",
    "data": [
      {
        "text": "labwork ",
        "userDefined": false
      },
      {
        "text": "Turbo Mac",
        "meta": "@subject",
        "alias": "subject",
        "userDefined": false
      }
    ],
    "isTemplate": false,
    "count": 0,
    "lang": "en",
    "updated": 0
  },
  {
    "id": "10539486-a3b2-48c9-8a13-23ae43dd61a4",
    "data": [
      {
        "text": "practical for ",
        "userDefined": false
      },
      {
        "text": "tm",
        "meta": "@subject",
        "alias": "subject",
        "userDefined": true
      }
    ],
    "isTemplate": false,
    "count": 0,
    "lang": "en",
    "updated": 0
  },
  {
    "id": "dd0f8161-458b-45f4-80a2-1e9462531a3f",
    "data": [
      {
        "text": "mark distribution for ",
        "userDefined": false
      },
      {
        "text": "Turbo Machines",
        "meta": "@subject",
        "alias": "subject",
        "userDefined": false
      },
      {
        "text": " prac",
        "userDefined": false
      }
    ],
    "isTemplate": false,
    "count": 0,
    "lang": "en",
    "updated": 0
  },
  {
    "id": "df234631-45e9-4cac-adb7-b0130b14af64",
    "data": [
      {
        "text": "practical marks for ",
        "userDefined": false
      },
      {
        "text": "tm",
        "meta": "@subject",
        "alias": "subject",
        "userDefined": false
      }
    ],
    "isTemplate": false,
    "count": 0,
    "lang": "en",
    "updated": 0
  }
]