[
  {
    "id": "d56124b7-af2d-442a-a314-290652e1298a",
    "data": [
      {
        "text": "practical marks for ",
        "userDefined": false
      },
      {
        "text": "bda",
        "meta": "@subject",
        "alias": "subject",
        "userDefined": false
      }
    ],
    "isTemplate": false,
    "count": 0,
    "lang": "en",
    "updated": 0
  },
  {
    "id": "656b1a50-db93-4867-922a-0c28be30ee15",
    "data": [
      {
        "text": "mark",
        "meta": "@sys.ignore",
        "userDefined": false
      },
      {
        "text": " distribution for ",
        "userDefined": false
      },
      {
        "text": "bda",
        "meta": "@subject",
        "alias": "subject",
        "userDefined": false
      },
      {
        "text": " prac",
        "userDefined": false
      }
    ],
    "isTemplate": false,
    "count": 0,
    "lang": "en",
    "updated": 0
  },
  {
    "id": "f1db27af-4a2e-42c5-9e88-393c8a9fa9a3",
    "data": [
      {
        "text": "practical for ",
        "userDefined": false
      },
      {
        "text": "bda",
        "meta": "@subject",
        "alias": "subject",
        "userDefined": false
      }
    ],
    "isTemplate": false,
    "count": 0,
    "lang": "en",
    "updated": 0
  },
  {
    "id": "48b707b3-28d8-45df-87a4-a98111ce96a8",
    "data": [
      {
        "text": "labwork ",
        "userDefined": false
      },
      {
        "text": "bda",
        "meta": "@subject",
        "alias": "subject",
        "userDefined": false
      }
    ],
    "isTemplate": false,
    "count": 0,
    "lang": "en",
    "updated": 0
  },
  {
    "id": "697b5dcd-dcf7-4342-9ae6-e351ba4428c0",
    "data": [
      {
        "text": "BDA",
        "meta": "@subject",
        "alias": "subject",
        "userDefined": false
      },
      {
        "text": " lab",
        "userDefined": false
      }
    ],
    "isTemplate": false,
    "count": 0,
    "lang": "en",
    "updated": 0
  },
  {
    "id": "65324fe0-05b8-466c-8805-777fa6224506",
    "data": [
      {
        "text": "BDA",
        "meta": "@subject",
        "alias": "subject",
        "userDefined": true
      },
      {
        "text": " LCA",
        "userDefined": false
      }
    ],
    "isTemplate": false,
    "count": 0,
    "lang": "en",
    "updated": 0
  },
  {
    "id": "f2f18668-6d5c-49a3-a56b-f8569293adab",
    "data": [
      {
        "text": "LCA",
        "userDefined": false
      }
    ],
    "isTemplate": false,
    "count": 0,
    "lang": "en",
    "updated": 0
  }
]