[
  {
    "id": "522779d7-4cc2-4105-9bb4-bee60511edfe",
    "data": [
      {
        "text": "labwork for ",
        "userDefined": false
      },
      {
        "text": "ccnlp",
        "meta": "@subject",
        "alias": "subject",
        "userDefined": false
      }
    ],
    "isTemplate": false,
    "count": 0,
    "lang": "en",
    "updated": 0
  },
  {
    "id": "49c1da53-4adf-4b37-99c4-bc2c8b992b84",
    "data": [
      {
        "text": "CCNLP",
        "meta": "@subject",
        "alias": "subject",
        "userDefined": false
      },
      {
        "text": " LCA",
        "userDefined": false
      }
    ],
    "isTemplate": false,
    "count": 0,
    "lang": "en",
    "updated": 0
  },
  {
    "id": "9077a9f9-49ff-4693-8d18-4a12b41a0fa0",
    "data": [
      {
        "text": "ccnlp",
        "meta": "@subject",
        "alias": "subject",
        "userDefined": false
      },
      {
        "text": " lab",
        "userDefined": false
      }
    ],
    "isTemplate": false,
    "count": 0,
    "lang": "en",
    "updated": 0
  },
  {
    "id": "53d01ee4-878e-4f45-b613-06f6a84c5f1c",
    "data": [
      {
        "text": "labwork ",
        "userDefined": false
      },
      {
        "text": "ccnlp",
        "meta": "@subject",
        "alias": "subject",
        "userDefined": false
      }
    ],
    "isTemplate": false,
    "count": 0,
    "lang": "en",
    "updated": 0
  }
]