[
  {
    "id": "7ce80487-1aec-40c8-b559-d81bf3ff67e2",
    "data": [
      {
        "text": "does bi have end term",
        "userDefined": false
      }
    ],
    "isTemplate": false,
    "count": 0,
    "lang": "en",
    "updated": 0
  },
  {
    "id": "800d24b8-4109-4270-afe4-c7e8a4cf53f8",
    "data": [
      {
        "text": "final exam",
        "userDefined": false
      }
    ],
    "isTemplate": false,
    "count": 0,
    "lang": "en",
    "updated": 0
  },
  {
    "id": "a22aa2f9-e000-412e-b65e-aa9f1b0a269d",
    "data": [
      {
        "text": "imla",
        "meta": "@subject",
        "alias": "subject",
        "userDefined": false
      },
      {
        "text": " end term",
        "userDefined": false
      }
    ],
    "isTemplate": false,
    "count": 0,
    "lang": "en",
    "updated": 0
  },
  {
    "id": "2c4dbda3-3df1-4332-a887-9b955fbd39a2",
    "data": [
      {
        "text": "Bi",
        "meta": "@subject",
        "alias": "subject",
        "userDefined": false
      },
      {
        "text": " end term",
        "userDefined": false
      }
    ],
    "isTemplate": false,
    "count": 0,
    "lang": "en",
    "updated": 0
  },
  {
    "id": "6f64f8fd-9e63-4984-b126-7004e8150101",
    "data": [
      {
        "text": "imla",
        "meta": "@subject",
        "alias": "subject",
        "userDefined": true
      },
      {
        "text": " has endterm?",
        "userDefined": false
      }
    ],
    "isTemplate": false,
    "count": 0,
    "lang": "en",
    "updated": 0
  },
  {
    "id": "2a735c89-6bfd-4ad2-a1f4-5907c8a0aae6",
    "data": [
      {
        "text": "BI",
        "meta": "@subject",
        "alias": "subject",
        "userDefined": true
      },
      {
        "text": " endterm",
        "userDefined": false
      }
    ],
    "isTemplate": false,
    "count": 0,
    "lang": "en",
    "updated": 0
  }
]