[
  {
    "id": "e0ec5baa-1b36-4992-968f-b2eafbdbe3b8",
    "data": [
      {
        "text": "bda",
        "meta": "@subject",
        "alias": "subject",
        "userDefined": false
      },
      {
        "text": " final exam",
        "userDefined": false
      }
    ],
    "isTemplate": false,
    "count": 0,
    "lang": "en",
    "updated": 0
  },
  {
    "id": "d07ce444-00a5-4100-9af9-7fa7f45401bb",
    "data": [
      {
        "text": "bda end term",
        "userDefined": false
      }
    ],
    "isTemplate": false,
    "count": 0,
    "lang": "en",
    "updated": 0
  },
  {
    "id": "da97dc70-b654-4f23-b35f-bd63fdef7582",
    "data": [
      {
        "text": "bda",
        "meta": "@subject",
        "alias": "subject",
        "userDefined": false
      },
      {
        "text": " endterm",
        "userDefined": false
      }
    ],
    "isTemplate": false,
    "count": 0,
    "lang": "en",
    "updated": 0
  },
  {
    "id": "b7400691-f360-41e7-ad12-5e1b646dea69",
    "data": [
      {
        "text": "does ",
        "userDefined": false
      },
      {
        "text": "CCNLP",
        "meta": "@subject",
        "alias": "subject",
        "userDefined": false
      },
      {
        "text": " have end term",
        "userDefined": false
      }
    ],
    "isTemplate": false,
    "count": 0,
    "lang": "en",
    "updated": 0
  },
  {
    "id": "6f19f1dc-f1aa-424d-bd14-31dfa2a8bfe6",
    "data": [
      {
        "text": "does ",
        "userDefined": false
      },
      {
        "text": "bda",
        "meta": "@subject",
        "alias": "subject",
        "userDefined": false
      },
      {
        "text": " have end term",
        "userDefined": false
      }
    ],
    "isTemplate": false,
    "count": 0,
    "lang": "en",
    "updated": 0
  }
]